athlete_id,athlete_name,school,event,gender,region,qualifier,season_best,season_avg,avg_place,conf_champ_place,pr,cross_event_avg_place,conf_champ_place_any_event,relay_qualifying_time,relay_season_best,relay_qualifying_place,predicted_place,predicted_rank
8709992,Kanyinsola Ajayi,Auburn,100,M,east,Q,-2.2162692398250696,-2.220033183893346,1.0,,-0.9542670600882978,1.0,1.0,,,,1.4417382,1
9258149,Mustapha Bokpin,Middle Tennessee,100,M,east,Q,-0.9778417251381823,-1.7040354027908147,1.0,1.0,0.3075736805243146,2.0555555555555554,1.0,,,,1.8167533,2
9006516,Israel Okon,Auburn,100,M,east,Q,-0.3586279677947276,-1.9345876028579045,2.0,,-0.0709785416594624,2.7142857142857144,3.0,,,,3.5275505,8
9006369,Durian Moss,Florida State,100,M,east,Q,0.13674303808001861,-0.15604205948322117,2.0,3.0,1.443230347075668,3.363636363636364,2.0,,,,2.8788795,5
8328293,Traunard Folson,Tennessee,100,M,east,Q,0.13674303808001861,-0.9992043911571472,2.0,2.0,0.1813896064630556,2.6666666666666665,2.0,,,,3.0607347,6
8712626,Shenese Walker,Florida State,100,W,east,Q,-1.8344607730635574,-2.0000074277793463,1.5,1.0,-0.8287776616208214,2.0,1.0,,,,2.5948973,3
8996681,Adaejah Hodge,Georgia,100,W,east,Q,-2.10589763220984,-3.33811053763191,1.0,,-1.1073583882160665,1.4545454545454546,1.0,,,,1.5633738,1
9262004,Shawnti Jackson,LSU,100,W,east,Q,-0.929671242575986,-2.1016355120719443,1.0,,0.09982476036329069,1.5714285714285714,1.0,,,,1.6199998,2
8341502,Gabrielle Matthews,Florida,100,W,east,Q,-0.2963185712346812,-1.1615757323653975,1.0,1.0,0.7498464557521741,4.181818181818182,1.0,,,,2.6358812,5
8675923,JaMeesia Ford,South Carolina,100,W,east,Q,0.8799078183991568,-0.05213581217117482,1.0,,-0.17875596623195447,2.05,4.0,,,,3.1166565,6
8348286,Louie Hinchliffe,Houston,100,M,west,Q,-0.1109424648573545,0.39289175020033956,1.5,2.0,-0.9542670600882978,3.142857142857143,1.0,,,,3.179735,7
9293574,Jelani Watkins,Arkansas,100,M,west,Q,-0.8539989736694957,-1.6381633456288023,1.0,1.0,-1.2066352082108158,1.7777777777777777,1.0,,,,2.129242,3
8977016,Eddie Nketia,USC,100,M,west,Q,0.5082712924861003,-0.41953028813134063,1.5,1.0,-2.21610780070091,2.4444444444444446,1.0,,,,2.4416976,4
8977035,Brianna Selby,USC,100,W,west,Q,-1.5630239139172908,-1.009133605926491,1.5,1.0,-1.3859391148112952,2.3,1.0,,,,2.6092625,4
8368619,Dajaz Defrand,USC,100,W,west,Q,-0.20583961818592567,-0.05213581217117482,2.0,2.0,-0.08589572403352844,2.7777777777777777,1.0,,,,3.5602741,8
8327522,Tiriah Kelley,Baylor,100,W,west,Q,0.5179920062041347,0.8455789324134757,2.0,2.0,1.5855886355378765,4.421052631578948,1.0,,,,3.4053133,7
8680432,Emmi Scales,Kentucky,100H,W,east,Q,-0.5930476038237764,-0.5774980450230822,1.0,1.0,0.3299471908771764,3.076923076923077,1.0,,,,2.6938405,3
8705674,Tashina Alase,Southern,100H,W,east,Q,-0.5930476038237764,-0.3935949302129515,1.0,1.0,0.3299471908771764,2.4285714285714284,1.0,,,,2.7094336,4
8674234,Rachel Mehringer,Indiana State,100H,W,east,Q,-0.09018696279348447,-0.14105993131904013,1.0,1.0,0.3299471908771764,2.5833333333333335,1.0,,,,2.4741378,1
8998893,Kailey Elliott,East Carolina,100H,W,east,q,1.3555373801685953,-0.038680877713403755,1.5,1.0,1.1054435081213385,5.0,1.0,,,,3.1953185,5
8354291,Aaliyah McCormick,Oregon,100H,W,west,Q,-1.850199206399512,-0.5164497945397135,2.0,1.0,-0.8332972849890816,2.5555555555555554,1.0,,,,3.7263505,8
8350105,Symoria Adkins,Texas Tech,100H,W,west,Q,0.4126736782368075,-0.1740487374808572,2.0,3.0,1.2162286962990845,4.0,3.0,,,,3.3325403,6
8584943,Tonie-Ann Forbes,Texas Tech,100H,W,west,Q,1.16696463978224,-0.014792431872087283,1.3333333333333333,1.0,0.9392657258547344,1.1666666666666667,1.0,,,,2.6291094,2
8673096,Macee Rivers,Illinois State,100H,W,west,Q,1.7955404410701021,0.30770158698567385,1.75,2.0,1.8255472312766425,2.0,2.0,,,,3.533678,7
9171227,Elsingi Kipruto,Louisville,10k,M,east,Q,-1.9108974990604675,-2.3362604293231537,1.0,,-1.3247210369055658,1.8571428571428572,1.0,,,,1.4415042,1
9177964,Kelvin Cheruiyot,Florida,10k,M,east,Q,0.866965424223624,0.31432073855084713,2.0,3.0,1.3797742203432315,3.5,3.0,,,,3.3906794,5
8257715,William Zegarski,Butler,10k,M,east,Q,1.0122459017263132,-0.10183045734714599,2.0,1.0,1.5212176152218926,6.5,1.0,,,,3.8090768,6
9169011,Caren Kiplagat,Alabama,10k,W,east,Q,-1.3386610220822757,-1.3254175602364764,1.0,1.0,-0.9945963618685681,2.8,1.0,,,,1.033195,2
9189255,Rylee Blade,Florida State,10k,W,east,Q,0.27856420129732284,-0.8597515358938392,1.0,1.0,0.6901145385329817,8.11111111111111,1.0,,,,2.5796518,6
9026901,Mercy Jebitok,Akron,10k,W,east,Q,1.1621845306957053,0.15528082529809953,1.0,1.0,1.6106077260204767,1.0,1.0,,,,2.5333223,5
8923343,Ruth White,New Hampshire,10k,W,east,Q,1.2524879398585873,0.9023836147094376,1.5,2.0,0.22680371979759387,1.8,2.0,,,,2.66516,7
8609549,Habtom Samuel,New Mexico,10k,M,west,Q,1.731133781782696,-0.18499322166726034,1.0,,-1.2915549994857396,3.0,1.0,,,,2.4734664,3
8725440,Ernest Cheruiyot,Arkansas,10k,M,west,Q,-1.321760114428892,-0.3098217117217872,1.5,1.0,-0.7511436838803934,2.5454545454545454,1.0,,,,2.0776956,2
8647596,Denis Kipngetich,Oklahoma State,10k,M,west,Q,2.028207309917499,0.9966602551326789,2.0,2.0,-0.9086823616245532,3.6,2.0,,,,3.8447518,7
8324569,Evan Jenkins,Washington,10k,M,west,Q,2.175491656075396,1.7423417960597403,2.0,2.0,0.31797328706448996,7.571428571428571,2.0,,,,4.1155195,8
8609550,Evans Kiplagat,New Mexico,10k,M,west,Q,2.4445110230372578,1.222616690846238,1.0,1.0,0.1326336661890112,12.7,1.0,,,,2.5269902,4
9230145,Jane Hedengren,BYU,10k,W,west,Q,-1.7339958165934048,-3.216978194067663,1.0,,-2.647439322357103,1.9,1.0,,,,1.0300586,1
7918467,Jadyn Keeler,North Dakota,10k,W,west,Q,-0.4444513678309128,1.102887934748559,1.0,1.0,-0.5260763606474036,6.153846153846154,1.0,,,,2.1316054,3
9213619,Mercyline Kirwa,Iowa State,10k,W,west,Q,-1.01068609955258,-0.6212720740692909,1.5,1.0,-0.6529352753011358,3.909090909090909,1.0,,,,3.129892,8
9239380,Chloe Thomas,Washington,10k,W,west,Q,0.19031982752251758,-0.5991844916022554,1.0,1.0,0.19585504738206913,6.714285714285714,1.0,,,,2.2682087,4
8709994,Ja'Kobe Tharp,Auburn,110H,M,east,Q,-1.8129074915168906,-1.1138698805684821,1.0,1.0,-1.5134429580087894,3.6666666666666665,1.0,,,,1.4976153,1
9245276,Jamir Brown,Syracuse,110H,M,east,Q,-0.5030435084070866,-0.4464811585365324,1.0,1.0,-0.006412893889837294,1.25,1.0,,,,2.5174942,2
9263297,Le'Ezra Brown,Georgia,110H,M,east,Q,-0.6995231058735537,-0.40559448601760073,1.0,,-0.23246740350767608,2.5,,,,,2.920953,5
8316990,Kendrick Smallwood,Texas,110H,M,west,Q,-1.8784006906723913,-0.8780079672905878,1.5,2.0,-1.588794461214749,5.8,2.0,,,,2.9632938,7
8712561,Josh Parrish,Wichita State,110H,M,west,Q,-1.0269891016510104,-0.49180132566596213,1.3333333333333333,1.0,-0.6092249195374208,2.8529411764705883,1.0,,,,2.7839978,4
9273630,Ja'Shaun Lloyd,Texas State,110H,M,west,Q,-0.3065639109406194,-0.09180158969758634,1.2,1.0,0.2196416157280015,3.7916666666666665,1.0,,,,2.9297485,6
8673509,Kai Graves-Blanks,Oregon,110H,M,west,Q,-0.3065639109406194,-0.4228358539472708,1.25,2.0,0.2196416157280015,2.3333333333333335,2.0,,,,2.7271762,3
8017580,Trenton Givens,Colorado St.,110H,M,west,q,1.0687932713246853,0.28888781418954895,1.5,1.0,1.8020231830529132,3.9166666666666665,1.0,,,,3.4149356,8
8592511,Trent McFarland,Michigan,1500,M,east,Q,-2.1606716614202552,0.34816295865782415,1.3333333333333333,2.0,-1.641300893204973,2.75,2.0,,,,2.1515098,2
8715615,Jaouad Khchina,South Carolina,1500,M,east,Q,-1.2470768933664418,-0.43780039160062206,3.0,3.0,-0.7579854119097178,5.1,3.0,,,,4.8729234,8
8329149,Gary Martin,Virginia,1500,M,east,Q,-1.7038742773933415,-0.273888574797572,3.0,2.0,-1.5297242008308316,3.1818181818181817,2.0,,,,4.4584312,6
8582410,Benne Anderson,Syracuse,1500,M,east,Q,-0.5835185881484133,-0.27380016497190374,1.6666666666666667,3.0,-0.11641943075843114,1.6666666666666667,3.0,,,,3.0565178,3
8900483,Brendan Herger,Michigan,1500,M,east,Q,-1.7327246384897788,0.25780811681708743,2.3333333333333335,3.0,-1.2275373256508741,3.909090909090909,3.0,,,,3.155424,5
8676327,Tatum David,Virginia,1500,W,east,Q,-1.1429921376086358,-0.16661977243964649,9.333333333333334,3.0,-0.7092501629096921,5.818181818181818,3.0,,,,4.254264,7
8716193,Salma Elbadra,South Carolina,1500,W,east,Q,-2.6545369484318178,-1.538870742089213,1.0,1.0,-2.43502427239883,3.0,1.0,,,,0.9437035,1
8672366,Simeon Birnbaum,Oregon,1500,M,west,Q,-2.8723139017990076,0.8566255480848547,1.0,1.0,-2.329357162845481,3.0,1.0,,,,0.6748799,1
8587815,Matan Ivri,Wisconsin,1500,M,west,Q,0.22429152255180138,-1.4106621133378465,1.0,,0.6646174158605322,2.857142857142857,3.0,,,,3.1030319,4
8368105,Brian Masai,Arkansas,1500,M,west,Q,-2.1606716614202552,-0.9343099725962799,5.0,1.0,-1.641300893204973,4.384615384615385,1.0,,,,4.5449758,7
9013078,Rosemary Longisa,Washington St.,1500,W,west,Q,-2.6857028208199187,-2.13114791125408,1.0,,-2.470607243728496,1.5714285714285714,,,,,2.0410857,2
8601479,Juliet Cherubet,Oregon,1500,W,west,Q,-0.6599211155929755,-0.07456759679232931,2.3333333333333335,1.0,-0.15771410729975677,4.230769230769231,1.0,,,,3.9100194,6
8288637,Silan Ayyildiz,Oregon,1500,W,west,Q,-0.9637883713770181,-1.77865543377537,1.0,,-1.087319233287465,2.9285714285714284,3.0,,,,3.2720554,4
8265375,Kaiya Robertson,Boise State,1500,W,west,Q,-0.10672688070408314,0.4258819142267972,2.0,1.0,0.4738836338019332,1.6666666666666667,1.0,,,,3.89543,5
8816848,Hayley Burns,Northern Arizona,1500,W,west,Q,-0.5079874877009597,1.2920704353177725,2.0,1.0,0.015752877932392984,3.230769230769231,1.0,,,,2.8413296,3
8324602,Chloe Foerster,Washington,1500,W,west,q,-0.3132007852752917,0.3447188374060684,7.333333333333333,4.0,-1.0472883905415815,5.153846153846154,4.0,,,,4.34306,8
9006516,Israel Okon,Auburn,200,M,east,Q,-0.6509047418808273,-0.32897517249260616,2.25,3.0,0.41067687017438437,2.7142857142857144,3.0,,,,3.7384968,4
8714494,Jaiden Reid,LSU,200,M,east,Q,-0.277689736297277,0.05436030803358263,3.0,5.0,0.584100533825725,2.933333333333333,2.0,,,,5.039339,8
8328293,Traunard Folson,Tennessee,200,M,east,Q,0.8952717098224416,-0.2605224081129229,2.3333333333333335,4.0,2.08710561880414,2.6666666666666665,2.0,,,,3.9478312,5
9258149,Mustapha Bokpin,Middle Tennessee,200,M,east,q,1.055220997929683,0.9062169314251076,1.5714285714285714,1.0,1.3934109641987162,2.0555555555555554,1.0,,,,2.9567196,2
8974333,Jalen Johnson,Clemson,200,M,east,q,1.9616002972040056,0.8471677791218123,3.0,1.0,2.433952946106842,3.1666666666666665,1.0,,,,4.987374,7
8996681,Adaejah Hodge,Georgia,200,W,east,Q,-1.97908890105367,-1.7823252284071962,1.0,1.0,-1.1940674191447638,1.4545454545454546,1.0,,,,1.6342423,1
8675923,JaMeesia Ford,South Carolina,200,W,east,Q,-1.3378859252986957,-1.2175691064540086,2.25,,-0.9422147548225345,2.05,4.0,,,,3.7600205,6
9255098,Yahnari Lyons,Howard,200,W,east,Q,1.0986853825702314,1.0257677113045116,1.7142857142857142,1.0,0.5689012311108715,4.681818181818182,1.0,,,,3.462456,3
9262004,Shawnti Jackson,LSU,200,W,east,q,-0.22646743399007133,-1.1140304840959159,2.0,2.0,0.5269257870571592,1.5714285714285714,1.0,,,,3.5117555,5
8719648,Ian Dossman,Cal St. Fullerton,200,M,west,Q,0.46874027486980463,-0.5206429127556921,3.0,,1.6246425157338507,3.857142857142857,,,,,4.744325,6
9293574,Jelani Watkins,Arkansas,200,M,west,Q,-1.0241197474643775,-0.7362691205516594,2.0,1.0,0.006021654987888779,1.7777777777777777,1.0,,,,3.6343424,3
8990080,Miguel Rosario,Grand Canyon,200,M,west,Q,0.7886388510842871,1.1444705807799027,1.0,1.0,1.5090267399662833,2.888888888888889,1.0,,,,1.6833888,1
8327522,Tiriah Kelley,Baylor,200,W,west,Q,-0.8249235446947071,-1.149896804259171,2.1666666666666665,1.0,-0.060730429694709286,4.421052631578948,1.0,,,,3.4724789,4
8368619,Dajaz Defrand,USC,200,W,west,Q,-0.44020175924171934,0.3050576929295994,5.5,3.0,-0.018754985641011846,2.7777777777777777,1.0,,,,4.41342,8
8996997,Taylor Snaer,UCLA,200,W,west,Q,1.0986853825702314,0.44716952753873673,2.2,2.0,-0.5644357583391829,2.9375,2.0,,,,4.033708,7
8986907,Lauren Roy,Tarleton State,200,W,west,q,1.9108758185265302,0.18832297164353157,1.25,1.0,2.457796213527629,1.3636363636363635,1.0,,,,1.6564083,2
9011108,Silas Kiptanui,Tulane,3000S,M,east,Q,-1.4205588635525868,-0.5041767060070456,2.0,1.0,-0.9218913950557241,23.25,1.0,,,,2.3749974,5
8586626,Kristian Imroth,Eastern Kentucky,3000S,M,east,Q,-1.0512608067056166,-1.403744537523954,1.0,,-0.5443222798847323,6.428571428571429,1.0,,,,2.1213458,2
8895220,Collins Kiprop Kipngok,Kentucky,3000S,M,east,Q,-0.4413826879292961,-1.4532719106535603,1.0,1.0,-0.20435340854819703,9.11111111111111,1.0,,,,2.068119,1
7979835,Nathan Mountain,Virginia,3000S,M,east,Q,-2.366023183364108,-1.1458791926426906,1.5,2.0,-1.8885309969665043,5.111111111111111,2.0,,,,2.225201,3
9279495,Brett Gardner,Virginia,3000S,M,east,Q,0.5791671289175022,-0.2953003932430834,1.5,1.0,1.122621863442781,4.0,1.0,,,,2.804515,7
7917518,Katelyn Stewart-Barnett,Michigan State,3000S,W,east,Q,0.4180792829805802,-0.13434742770322983,1.0,1.0,0.2554631695119688,7.8,1.0,,,,2.2640467,2
7888162,Sophie Novak,Notre Dame,3000S,W,east,Q,-0.9300642633377223,-1.0501304225814756,1.0,1.0,-0.4636935860127489,1.6,1.0,,,,1.7432947,1
8594424,Angelina Napoleon,NC State,3000S,W,east,Q,0.18350579400282008,-0.31678857121413323,2.0,2.0,-1.1854622910127455,6.222222222222222,2.0,,,,3.894131,5
9211203,Jule Lindner,Virginia Tech,3000S,W,east,Q,0.9125148526846496,0.251348109202177,2.0,3.0,1.3759894944033888,5.555555555555555,3.0,,,,3.9941437,6
8585628,Barrett Justema,Georgetown,3000S,W,east,q,1.3659654633479819,1.265506230483371,2.0,2.0,1.8287274034504213,2.7142857142857144,2.0,,,,3.889168,4
9005678,Nelly Jemeli,Miss State,3000S,W,east,Q,1.001460934007072,1.0097309018357323,2.5,3.0,1.464795776562614,3.9,3.0,,,,4.9248834,8
9019268,Titus Kimaru,Texas Tech,3000S,M,west,Q,-1.3945087931525908,-1.454348592678116,1.5,1.0,-0.8952578890063159,6.4,1.0,,,,2.2416036,4
8261257,Benjamin Balazs,Oregon,3000S,M,west,Q,0.2972134257646355,0.34640209339252476,1.0,1.0,0.07608174338377588,3.7777777777777777,1.0,,,,2.9199078,8
7896114,Ryker Holtzen,Wyoming,3000S,M,west,Q,1.448013594611396,0.26053670193415296,1.0,1.0,1.58009149676198,9.428571428571429,1.0,,,,2.4663205,6
8268058,Taylor Lovell,BYU,3000S,W,west,Q,-0.7521721006928774,-0.9122426421026615,1.5,1.0,-0.2860810216942986,3.8,1.0,,,,2.4646628,3
8609331,Raygan Dimond,BYU,3000S,W,west,Q,2.040909256912259,1.5830708947229368,3.0,3.0,2.155221087859343,14.142857142857142,3.0,,,,4.896755,7
8691776,Samuel Ogazi,Alabama,400,M,east,Q,-2.311720960006981,-2.562640762702541,1.0,1.0,-1.9309698661596606,2.6,1.0,,,,0.9861371,1
9263303,Sidi Njie,Georgia,400,M,east,Q,-1.351624773376686,-0.7979454986715837,10.0,,-0.7566832007871442,6.0,12.0,,,,4.5225034,5
9263304,Jonathan Simms,Georgia,400,M,east,Q,-1.5345002374967538,-1.8310215592355776,2.6,3.0,-1.37178573979179,3.857142857142857,3.0,,,,4.86676,7
8987862,Jaden Marchan,Georgetown,400,M,east,Q,-0.09435595755131164,0.6858857865460113,1.5,1.0,0.7810731467244699,2.4285714285714284,1.0,,,,3.030373,3
8329050,Joey Gant,Princeton,400,M,east,Q,0.5685675998838873,1.4126687837493808,5.571428571428571,2.0,1.5918901299578683,3.6842105263157894,1.0,,,,4.8891997,8
8364135,Dejanea Oakley,Georgia,400,W,east,Q,-2.4246110627313593,-1.3331006652239379,1.5,1.0,-1.74205514940038,1.8666666666666667,1.0,,,,1.992086,3
8714651,Onyah Onyinye Favour,SE Louisiana,400,W,east,Q,-0.38927680573241596,1.143430327835507,7.4,2.0,0.07931400778468402,4.0,1.0,,,,4.2813425,8
8683562,Alexia Smith,Purdue,400,W,east,Q,0.008608086613239592,0.00863548926014601,1.6666666666666667,2.0,0.4353711362569499,5.083333333333333,2.0,,,,3.13896,4
8370468,Sydney Segalla,Boston College,400,W,east,Q,0.1922472676958582,-0.4317528504790678,2.2,1.0,0.5997051955518493,3.235294117647059,1.0,,,,3.9540243,7
9000640,Rushana Dwyer,Northwestern St.,400,W,east,Q,0.4677060393197752,1.1485039262195949,1.2,1.0,0.8462062844941887,2.75,1.0,,,,1.774378,2
9023083,Esther Joseph,Tennessee,400,W,east,q,0.7125582807632522,0.13040185047837374,1.0,,1.0653183635540417,4.5,3.0,,,,3.5565302,5
9278486,Jack Stadlman,USC,400,M,west,Q,-0.09435595755131164,-0.43121430207663813,2.25,1.0,0.7810731467244699,4.083333333333333,1.0,,,,4.392397,4
8711001,Jayden Davis,Arizona State,400,M,west,Q,-1.237327608301658,-1.0828136482623285,1.8,1.0,-0.6168871691951866,2.6,1.0,,,,3.0180151,2
8700016,Martin Kouyoumdjian,UTSA,400,M,west,Q,1.071475126214037,0.8818994798387023,2.0,4.0,2.206992668962514,3.25,4.0,,,,4.755249,6
8699147,Madison Whyte,USC,400,W,west,Q,-1.322775976235691,-0.6915210877446174,1.25,1.0,-0.7560507936310223,1.6923076923076923,1.0,,,,1.5809076,1
8338531,Rachel Joseph,Iowa State,400,W,west,Q,-0.6494323122661184,-0.790686874342785,2.3333333333333335,1.0,-0.15349257621641701,4.0,1.0,,,,3.7231517,6
8681435,Isaiah Taylor,N. Carolina A&T,400H,M,east,Q,-0.3511101153290636,0.7500308213632575,2.3333333333333335,1.0,0.007546779152908418,3.631578947368421,1.0,,,,3.7404,6
8681436,Xzaviah Taylor,N. Carolina A&T,400H,M,east,Q,-0.1683065608223959,0.6009574213823008,2.0,2.0,0.18489608924592402,4.777777777777778,1.0,,,,3.6434953,5
8328345,Elijah Mallard,Syracuse,400H,M,east,q,0.31363008287700195,1.1008191656934116,1.0,,0.6524533613093298,4.2,,,,,3.3944497,4
8669667,Ryan Matulonis,Penn,400H,M,east,Q,0.5462891522491267,-0.6219103128363754,2.0,1.0,0.878170665064079,4.555555555555555,1.0,,,,3.8410811,7
8647433,Akala Garrett,South Carolina,400H,W,east,Q,-1.4978736355012303,-1.7590271660353773,1.0,1.0,-1.2894587421846129,2.85,1.0,,,,1.4605038,1
8996686,Michelle Smith,Georgia,400H,W,east,Q,-0.7249754401670905,-1.2480747324829713,2.0,2.0,-0.6181043735406594,3.5,2.0,,,,3.671705,4
9257041,Vanice Kerubo Nyagisera,Kentucky,400H,W,east,Q,-0.34772751149209835,-1.1126872302168365,6.0,4.0,-0.1651423898772759,3.6666666666666665,4.0,,,,4.186844,7
8311550,Aniya Woodruff,Howard,400H,W,east,Q,-0.06249127273783151,2.4838817674831426,18.5,4.0,0.0856044225078154,12.428571428571429,1.0,,,,4.6671004,8
8316982,Kody Blackwood,Texas,400H,M,west,Q,-1.0989428383108948,-1.196774611512876,1.0,1.0,-0.7179731257730728,4.285714285714286,1.0,,,,1.6915742,1
8712560,Jason Parrish,Wichita State,400H,M,west,Q,0.39672260765275574,0.8653297791610128,1.0,1.0,0.7330666840788782,3.090909090909091,1.0,,,,1.9107215,2
8731495,Jarvis Anderson,Stephen F. Austin,400H,M,west,Q,1.5600179545133794,0.9051603282184227,1.0,1.0,1.8616532028526243,4.818181818181818,1.0,,,,2.2752693,3
8670386,Danny Tragarz,Colorado,400H,M,west,Q,1.5267809446030824,0.32976362454197256,2.25,2.0,1.8294078737448094,3.5454545454545454,2.0,,,,4.1192565,8
9014596,Saira Prince,Arkansas,400H,W,west,Q,-0.3109228355238069,-0.9718842278600449,2.0,5.0,-0.1327879624727489,5.0,5.0,,,,4.1693625,6
8986657,Kelsie Belquist,Nebraska,400H,W,west,Q,-0.2373134835872175,-0.7035913275359829,1.3333333333333333,1.0,-0.0680791076636892,2.6470588235294117,1.0,,,,2.86798,3
7993649,Vanessa Mercera,Kansas State,400H,W,west,Q,-0.09929594870612295,-0.25405969084498026,1.0,1.0,0.05324999510328842,3.1333333333333333,1.0,,,,2.3853567,2
8704628,Kirin Chacchia,SMU,400H,W,west,Q,1.152063034215812,0.6202727987897442,2.0,3.0,1.1533005268572287,6.833333333333333,3.0,,,,4.090873,5
,,Auburn,4x100,M,east,Q,,,,,,,,-0.5405929680004695,,1.0,3.7446337,5
,,Tennessee,4x100,M,east,Q,,,,,,,,-0.4483627698756614,,2.0,4.1528406,7
,,East Carolina,4x100,M,east,Q,,,,,,,,-0.26390237362603736,,4.0,3.3918047,2
,,Miss State,4x100,M,east,Q,,,,,,,,-0.22592523322170324,,5.0,3.3330355,1
,,Ohio State,4x100,M,east,Q,,,,,,,,-0.22049992744965663,,6.0,3.4173925,3
,,LSU,4x100,M,east,Q,,,,,,,,-0.1825227870453225,,9.0,4.2155137,8
,,Ole Miss,4x100,M,east,q,,,,,,,,-0.17709748127327585,,10.0,4.051446,6
,,South Carolina,4x100,W,east,Q,,,,,,,,10.625091133652022,,1.0,2.9927247,1
,,Georgia,4x100,W,east,Q,,,,,,,,10.887466987085467,,2.0,3.2154725,3
,,LSU,4x100,W,east,Q,,,,,,,,11.149842840518913,,3.0,3.2458723,5
,,Tennessee,4x100,W,east,Q,,,,,,,,11.641797565706652,,4.0,3.6263182,7
,,Minnesota,4x100,M,west,Q,,,,,,,,-0.26390237362603736,,2.0,3.6024072,4
,,USC,4x100,W,west,Q,,,,,,,,11.346624730594009,,1.0,2.9927247,1
,,Texas A&M,4x100,W,west,Q,,,,,,,,11.80578247410255,,2.0,3.2154725,3
,,Arizona,4x100,W,west,Q,,,,,,,,13.773601374853436,,3.0,3.2458723,5
,,Texas,4x100,W,west,Q,,,,,,,,13.773601374853436,,4.0,3.6263182,7
,,Georgia,4x400,M,east,Q,,,,,,,,-0.33293549143207074,,1.0,4.1476116,7
,,LSU,4x400,M,east,Q,,,,,,,,-0.27475446789011704,,2.0,3.6024072,6
,,Purdue,4x400,M,east,Q,,,,,,,,-0.2265733077694355,,3.0,3.5872006,5
,,Ohio State,4x400,M,east,Q,,,,,,,,-0.22020975831953218,,4.0,3.2320924,2
,,Tennessee,4x400,M,east,Q,,,,,,,,-0.2138462088696315,,5.0,3.3826656,3
,,N. Carolina A&T,4x400,M,east,Q,,,,,,,,-0.19930095298414308,,6.0,3.4533248,4
,,Florida,4x400,M,east,Q,,,,,,,,-0.17839214764875394,,7.0,4.3011894,8
,,Georgia,4x400,W,east,Q,,,,,,,,2.37008448908845,,1.0,3.085221,2
,,Duke,4x400,W,east,Q,,,,,,,,2.580163195531658,,2.0,3.352,3
,,Kentucky,4x400,W,east,Q,,,,,,,,2.6384509291112748,,3.0,3.4556923,5
,,Miami (Fla.),4x400,W,east,q,,,,,,,,3.1108244366627598,,11.0,3.9304442,7
,,Texas A&M,4x400,M,west,Q,,,,,,,,-0.20657358092688857,,1.0,2.8764505,1
,,Arkansas,4x400,W,west,Q,,,,,,,,2.033715693222741,,1.0,3.0617707,1
,,Texas,4x400,W,west,Q,,,,,,,,2.665166140335266,,2.0,3.352,3
,,USC,4x400,W,west,Q,,,,,,,,2.7586693796192376,,3.0,3.4556923,5
,,UCLA,4x400,W,west,q,,,,,,,,3.125396370057665,,11.0,3.9304442,7
8232893,Marco Langon,Villanova,5000,M,east,Q,0.7270969380725195,-0.6749177259567674,1.5,,-1.0891170174661249,1.7777777777777777,1.0,,,,3.7412786,5
8585457,Rocky Hansen,Wake Forest,5000,M,east,Q,0.7512060028133367,-0.889339588755879,2.0,,-0.4097362851036826,3.6666666666666665,4.0,,,,4.2297797,6
8623172,Charlie Ortmans,Harvard,5000,M,east,q,1.6840413539384198,1.0962195484480852,2.25,2.0,1.909654924843381,3.625,1.0,,,,4.289756,8
9171227,Elsingi Kipruto,Louisville,5000,M,east,Q,-0.40324728958302414,-0.6261335802489254,2.0,1.0,-0.12757412609830832,1.8571428571428572,1.0,,,,3.4808059,4
8614328,Doris Lemngole,Alabama,5000,W,east,Q,-2.3159924468024555,-2.4110125540244183,1.3333333333333333,1.0,-2.0531474925296367,1.4285714285714286,1.0,,,,1.5287405,2
9282007,Nancy Cherop,Clemson,5000,W,east,Q,-0.28646933646353084,-0.8004833683585278,2.0,2.0,-0.022594710099919847,3.4545454545454546,2.0,,,,3.3189697,5
8936382,Katie Bohlke,Virginia Tech,5000,W,east,Q,0.44252993460804385,-0.6232051999140764,1.0,1.0,0.7067744164316919,2.2222222222222223,1.0,,,,2.2870526,3
9201215,Brighter Jepchumba,Eastern Kentucky,5000,W,east,Q,0.1873123127058919,1.1326339598866022,1.3333333333333333,1.0,0.45142731068133335,3.0,1.0,,,,2.3911932,4
8609549,Habtom Samuel,New Mexico,5000,M,west,Q,-1.5410096910049738,-1.0752776005500155,1.0,1.0,-1.2480044468089562,3.0,1.0,,,,1.318016,1
7910646,Ben Shearer,Arkansas,5000,M,west,Q,0.24027928465236917,-0.5895930497837499,1.0,1.0,0.4431422149319736,11.0,1.0,,,,2.5323722,3
8725440,Ernest Cheruiyot,Arkansas,5000,M,west,Q,-0.4440472452982418,-1.056246074266077,3.75,2.0,-0.16775255650684515,2.5454545454545454,1.0,,,,4.2666626,7
8672366,Simeon Birnbaum,Oregon,5000,M,west,Q,2.095749997973752,0.5737089943223809,1.0,,0.2367711860154245,3.0,1.0,,,,2.3859208,2
8948436,Betty Kipkore,Iowa State,5000,W,west,Q,-0.7500694315677097,-0.47752422159000835,2.3333333333333335,2.0,-0.48643001123687835,2.857142857142857,2.0,,,,3.8671775,7
8916070,Pamela Kosgei,New Mexico,5000,W,west,Q,-1.509613364835016,-1.9127539278209407,2.3333333333333335,,-1.9689372768034537,1.8571428571428572,1.0,,,,3.7695255,6
9230145,Jane Hedengren,BYU,5000,W,west,Q,-2.3641851360446196,-2.3791061937463143,1.0,1.0,-2.489139093305521,1.9,1.0,,,,1.0631483,1
9239380,Chloe Thomas,Washington,5000,W,west,q,0.3970523264499426,-0.06663708196204754,13.0,,-0.3064646308543129,6.714285714285714,1.0,,,,4.326536,8
7891377,Miles Brown,Michigan,800,M,east,Q,-1.5030774316404956,0.017920425041627795,8.714285714285714,4.0,-1.053817933633852,7.055555555555555,4.0,,,,3.535358,5
8585639,Tinoda Matsatsa,Georgetown,800,M,east,Q,-1.4192821741274444,-0.8897785743946655,1.25,1.0,-0.9649640250514312,2.875,1.0,,,,1.1377734,1
7892552,Ryan Farrell,Louisville,800,M,east,q,-0.24614856894460904,-1.1956778241186408,4.0,1.0,0.2789906951025853,22.0,1.0,,,,4.3285904,8
7916232,Christian Jackson,Virginia Tech,800,M,east,Q,-0.09052880499179003,-0.7351104144218792,2.0,2.0,-0.8634167009572283,3.25,2.0,,,,3.6632786,6
7908137,Makayla Paige,North Carolina,800,W,east,Q,-1.4519186788573677,-1.0183882858130815,3.6,1.0,-0.9586320097004694,3.230769230769231,1.0,,,,4.133113,4
8679273,Gladys Chepngetich,Clemson,800,W,east,Q,-1.567112226932003,-1.3857016974540242,1.8,2.0,-1.075087147860852,2.7857142857142856,2.0,,,,3.291488,3
8603131,Hayley Kitching,Penn State,800,W,east,Q,-1.3367251307827321,-1.5200846529324137,1.0,1.0,-0.8276199792700311,2.5454545454545454,1.0,,,,1.2336024,1
8672636,Maeve O'Neill,Providence,800,W,east,Q,-0.5371463853235114,-0.10376974640559293,3.5,1.0,0.031236664662803917,2.6666666666666665,1.0,,,,4.9587,8
8679343,Layla Haynes,Florida,800,W,east,q,-1.1808750363288223,-0.4695334556138391,6.2,3.0,-0.6602157181644849,6.818181818181818,3.0,,,,4.4719214,5
8895230,Janet Jepkemboi Amimo,Kentucky,800,W,east,Q,-1.4315904056677256,-1.707100932639845,3.0,2.0,-0.9295182251603685,4.0,2.0,,,,4.9307513,6
8328299,Tyrice Taylor,Arkansas,800,M,west,Q,-1.8981122170592186,-1.3048048036549962,2.2,3.0,-1.4727006455224634,3.0,3.0,,,,4.106369,7
9261222,Peter Narumbe,Texas A&M,800,M,west,Q,-1.5389896848603795,-1.1374038608157595,2.0,2.0,-1.0918981801691803,4.0,2.0,,,,2.8985493,4
8673515,Rivaldo Marshall,Arkansas,800,M,west,Q,-2.137527238525089,-1.4990773864087048,1.6666666666666667,1.0,-1.7265689557579615,2.7,1.0,,,,2.2822762,3
8271041,Colin Sahlman,Northern Arizona,800,M,west,Q,-1.8143169595461506,-0.9800016677121314,1.0,1.0,-1.3838467369400247,2.2666666666666666,1.0,,,,1.4631034,2
8364036,Sanu Jallow,Arkansas,800,W,west,Q,-2.2921539706958822,-1.4893394616032736,1.5,1.0,-1.853880884308433,1.5714285714285714,1.0,,,,1.959536,2
8671715,Emmaculate Jemutai,Kansas,800,W,west,Q,-0.8420704831681334,0.10034981854453048,2.6666666666666665,1.0,-0.29629341141328136,6.1,1.0,,,,4.9551497,7
9264657,Shamar Reid,Florida State,DT,M,east,q,0.9297846707658434,0.7173453428247418,1.2,1.0,0.6085706498043824,3.0,1.0,,,,2.0072112,3
9006111,Trevor Gunzell,Alabama,DT,M,east,q,-0.015091776589709274,0.5345190321802605,2.0,2.0,0.06564855706771876,2.0,2.0,,,,3.284815,4
8329949,Iosif Papa,UMBC,DT,M,east,q,-0.791035768205935,-0.43006691374714195,1.6666666666666667,1.0,-1.0311086352947874,4.5,1.0,,,,3.6146624,6
8398788,Alida Van Daalen,Florida,DT,W,east,q,3.044246329500438,3.408112181541264,1.0,1.0,2.2035516998767903,3.4285714285714284,1.0,,,,2.0459294,1
9097995,Princesse Hyman,LSU,DT,W,east,q,-0.27859551122056664,0.023237777329357036,2.4,3.0,-0.6187140285878767,4.625,3.0,,,,4.265688,8
9245248,Joyce Oguama,Alabama,DT,W,east,q,0.3605483497470235,0.50916317414068,2.0,4.0,0.0501119623235172,2.0,4.0,,,,3.8074245,7
8978538,Layla Giordano,Princeton,DT,W,east,q,-0.2644707850113384,-0.27451605351858444,1.4,2.0,-0.6067171498271344,4.076923076923077,2.0,,,,3.5081594,5
7930060,Ralford Mullings,Oklahoma,DT,M,west,q,0.9584172903826766,1.3884171109655377,1.0,1.0,1.5470892422737892,1.0,1.0,,,,1.9197642,2
8699158,Racquil Broderick,USC,DT,M,west,q,0.07080608226079459,0.553510292355734,2.0,1.0,-0.0898617911030843,2.0,1.0,,,,3.4733615,5
8324710,Texas Tanner,Air Force,DT,M,west,q,1.0529049351182314,0.7948221256301556,1.2,1.0,0.7258854738630562,2.6818181818181817,1.0,,,,1.8964473,1
8999132,Ben Smith,Oregon,DT,M,west,q,-1.0401395588723978,-0.5162362136477978,1.5,3.0,-1.2684665351344333,1.75,1.0,,,,3.8329744,8
8980763,Cort Gebbers,Eastern Washington,DT,M,west,q,-1.6500143567109817,-1.565385233490863,2.2,3.0,-1.8495841519832241,7.15,3.0,,,,3.7050822,7
8710083,Ines Lopez,Arizona State,DT,W,west,q,-0.04200634721598876,-0.23585391244459306,1.6,1.0,-0.4177663093454398,4.466666666666667,1.0,,,,3.1793656,4
7983886,Klaire Kovatch,Colorado St.,DT,W,west,q,-0.8118039256189415,-0.5591716675200561,1.375,1.0,-0.7236867177443738,2.923076923076923,1.0,,,,2.8046696,3
9277515,Marie Josee Bovele Linaka,Oregon,DT,W,west,q,-0.5928706693759008,-0.3970489497076789,1.0,1.0,-0.8856445810143968,1.0,1.0,,,,3.5376694,6
8320103,Sofia Sluchaninova,Kansas,DT,W,west,q,-1.4897907836619098,-1.306415714514839,1.6666666666666667,2.0,-0.5257382181921219,4.0,2.0,,,,2.127801,2
9237315,Gage Voyles,Kennesaw State,HJ,M,east,q,0.42259211198500685,-0.8692055600643924,2.0,1.0,0.03128850670849116,2.0,1.0,,,,3.3283615,3
9263302,Kimani Jack,Georgia,HJ,M,east,q,0.6519992584911519,0.5315117918507349,2.2222222222222223,1.0,0.9824591106466605,2.2222222222222223,1.0,,,,3.6662073,4
8684031,Tito Alofe,Harvard,HJ,M,east,q,-0.2656293275334387,0.3133672862246069,1.0,1.0,-0.4442967952605935,1.0,1.0,,,,2.9324002,2
8979140,Ethan Ruffin,FDU,HJ,M,east,q,-1.8714793530764953,-1.1600649008992265,1.4285714285714286,1.0,-2.346638003136932,1.4285714285714286,1.0,,,,1.5007092,1
8676854,Annishka McDonald,West Virginia,HJ,W,east,q,-0.7934683913536391,-0.9549103615839245,2.4444444444444446,10.0,-0.8868646798525842,2.4444444444444446,10.0,,,,4.5555744,6
8978532,Alysa Carrigan,Princeton,HJ,W,east,q,-1.1768893589876164,-1.2511127932684663,1.8333333333333333,1.0,-1.6250641821576233,2.75,1.0,,,,4.224294,5
8668372,Jenovia Logan,Rutgers,HJ,W,east,q,-1.9437312942555713,-2.2603951530824733,5.4,1.0,-1.9941639333101429,5.4,1.0,,,,4.697698,7
8976959,Jordan Wenger,Oral Roberts,HJ,M,west,q,-0.9538507670518944,-0.9304391055033087,1.5,1.0,-1.395467399198763,1.5555555555555556,1.0,,,,3.6935728,5
9274306,Jonathan Kapitolnik,Illinois,HJ,M,west,q,-0.9538507670518944,-0.7199487930570438,1.6666666666666667,1.0,-1.395467399198763,1.6666666666666667,1.0,,,,3.9406638,7
8720874,Antrea Mita,Houston,HJ,M,west,q,0.19318496547885156,-0.3410662306537671,2.2222222222222223,1.0,-0.20650414427605646,2.2222222222222223,1.0,,,,3.7815666,6
8676195,Kyren Washington,Oklahoma,HJ,M,west,q,-0.036222181027293576,-0.03107140686926987,5.285714285714286,19.0,-0.4442967952605935,5.285714285714286,19.0,,,,4.6923046,8
8701620,Temitope Adeshina,Texas Tech,HJ,W,west,q,1.5070574144502211,2.5336960560340667,1.0,1.0,0.9586340759100093,1.0,1.0,,,,1.5143379,1
8679706,Rose Yeboah,Illinois,HJ,W,west,q,0.931925962999255,1.1514180415061896,1.8333333333333333,2.0,0.9586340759100093,1.8333333333333333,2.0,,,,3.149121,2
9283757,Maria Arboleda Angulo,Arkansas,HJ,W,west,q,-0.41004742371966163,-0.3597628831066415,2.636363636363636,3.0,-0.8868646798525842,2.636363636363636,3.0,,,,4.8170805,8
8324337,Alyssa Jones,Stanford,HJ,W,west,q,0.3567945115482889,0.6577473220319432,1.8571428571428572,1.0,-0.1486651775475493,2.652173913043478,1.0,,,,3.3504057,3
8673951,Jelese Alexander,Wichita State,HJ,W,west,q,-0.41004742371966163,-1.166091724914565,2.272727272727273,1.0,-0.8868646798525842,3.3076923076923075,1.0,,,,3.785336,4
8977769,Jeremiah Nubbe,Virginia,HT,M,east,q,0.027836755066402333,0.17553885764208635,1.2,1.0,-0.4932033928483526,2.1818181818181817,1.0,,,,2.4511833,2
9000460,Igor Olaru,Tennessee,HT,M,east,q,-0.9546369531595799,-0.5839116664254734,1.6666666666666667,3.0,-0.757444418288881,3.8333333333333335,3.0,,,,3.4172146,8
9005681,Marie Rougetet,Miss State,HT,W,east,q,0.15267327931827357,0.8812665270589024,1.6666666666666667,1.0,-0.3767282730467824,3.4,1.0,,,,2.7315292,4
7976006,Kali Terza,Kennesaw State,HT,W,east,q,-0.27050551599367323,0.5926231494270887,1.0,1.0,-0.791877840165885,4.2727272727272725,1.0,,,,3.061964,7
8679066,Angela McAuslan-Kelly,Princeton,HT,W,east,q,-1.4871445525155333,-1.0863366573359976,1.75,1.0,-1.985432845633318,1.375,1.0,,,,2.9520316,5
8321210,Ellie Roan,Boston University,HT,W,east,q,-2.26432868621344,-2.4323594481543216,1.0,1.0,-2.7478709929385974,2.0625,1.0,,,,1.01268,1
8324710,Texas Tanner,Air Force,HT,M,west,q,2.259143710192966,2.152695447889513,1.25,1.0,1.4085876494066962,2.6818181818181817,1.0,,,,1.869978,1
8676284,Angelos Mantzouranis,Minnesota,HT,M,west,q,0.9972108138493709,1.124093998440069,1.4,1.0,1.3118233302312907,1.4,1.0,,,,2.5810442,3
9014928,Ryan Johnson,Iowa,HT,M,west,q,1.7220580830294274,1.8069983780702015,1.8,2.0,0.9508179856153621,1.3076923076923077,2.0,,,,3.1346653,5
7984694,Alex Bernstein,DePaul,HT,M,west,q,-0.8105408092864366,-0.6791111682750394,1.25,1.0,-1.2077706729128725,2.5555555555555554,1.0,,,,2.9695485,4
8709526,Travis Martin,Cal Poly,HT,M,west,q,0.840015020533214,0.4449131977610307,1.3333333333333333,,0.19903365971415043,1.3333333333333333,,,,,3.318524,7
8318374,Gary Moore,Kansas State,HT,M,west,q,-2.8278868235104553,-2.192870131191997,2.0,2.0,-2.75599977971933,5.076923076923077,2.0,,,,3.3135195,6
9016411,Valentina Savva,California,HT,W,west,q,-0.04264001082569921,0.3924970742690282,1.0,1.0,-0.5683357655632887,1.2857142857142858,1.0,,,,2.9636173,6
8336189,Anthonett Nabwe,Minnesota,HT,W,west,q,3.1963053840619158,2.337078762605542,1.25,1.0,2.6091551520021725,2.8260869565217392,1.0,,,,1.7799599,2
8339459,Elisabet Rut Runarsdottir,Texas State,HT,W,west,q,1.263517617012144,1.3133569166047032,1.0,1.0,0.7130393406408718,1.1428571428571428,1.0,,,,1.8395199,3
8336191,Hadley Streit,Minnesota,HT,W,west,q,0.8932361711141891,0.30362990103450943,2.0,3.0,0.34978346941165567,3.5,3.0,,,,3.3365827,8
7778495,Jordan Davis,Georgia,JT,M,east,q,0.8076425066403632,1.1996741142937193,2.25,2.0,1.4616375867301379,2.25,2.0,,,,3.3050532,8
7968979,Ben Shughart,Liberty,JT,M,east,q,-0.2143485793409104,-0.7782703509494975,1.0,1.0,-0.7244143443482348,1.0,1.0,,,,2.5370672,7
8805766,Reuben Booysen,South Alabama,JT,M,east,q,-2.2548897038759095,-1.77629807844885,1.25,1.0,-2.2645872957898123,2.363636363636364,1.0,,,,1.0030761,1
8981899,Brandon Falconer,Mount St. Mary's,JT,M,east,q,-3.259675552719452,-2.2295536450729294,1.0,1.0,-3.3296665747101004,1.0,1.0,,,,1.0066903,2
9097828,Jemar Ferguson,Louisiana,JT,M,east,q,-4.0407933187724785,-2.8621026678014934,1.5,2.0,-4.177382735483386,1.5,2.0,,,,2.3306868,6
7992694,Evan Niedrowski,Monmouth,JT,M,east,q,-2.1206888542016005,-1.769566560132646,1.0,1.0,-1.7211795004223196,1.0,1.0,,,,1.4400529,4
8682169,Evelyn Bliss,Bucknell,JT,W,east,q,1.594484607959051,2.077601296032845,1.0,1.0,0.8545715234634812,6.25,1.0,,,,1.9984186,2
9006141,Eleanor Partrick,Alabama,JT,W,east,q,0.28126434080162754,0.6361215055497682,1.25,2.0,-0.2268410914175118,1.25,2.0,,,,2.7250583,6
8317288,Shea Greene,Princeton,JT,W,east,q,-0.20090310057259192,0.04981363028064565,1.0,1.0,-0.5754756060657141,1.0,1.0,,,,2.6572359,5
9108509,Kristen Jay,Kent State,JT,W,east,q,-2.3490962540121956,-1.904894946732652,2.0,1.0,-2.392894418537351,8.0,1.0,,,,3.316004,7
7974488,Chinecherem Prosper Nnamdi,Texas A&M,JT,M,west,q,2.2872929004853093,2.313686970876157,1.0,1.0,1.5330568969784382,1.0,1.0,,,,1.346528,3
8364008,Keyshawn Strachan,Nebraska,JT,M,west,q,1.3169175259172283,0.9804189462803728,1.25,1.0,1.4057442134923366,1.25,1.0,,,,2.1083853,5
8473803,McKyla Van Der Westhuizen,Rice,JT,W,west,q,0.7007108141922075,1.0214095378694765,1.0,1.0,0.5156213008888404,1.0,1.0,,,,1.6415586,1
7986521,Katelyn Fairchild,Texas A&M,JT,W,west,q,-0.26754412905520525,0.178801362839855,2.25,3.0,-0.23329728613322023,2.25,3.0,,,,3.5486457,8
9018349,Charlize Goody,Texas State,JT,W,west,q,-1.823808147149228,-2.1875791008802654,1.3333333333333333,2.0,-1.960329372584955,1.3333333333333333,2.0,,,,2.2895794,3
8765896,Lilly Urban,Nevada,JT,W,west,q,-0.26362406855622866,-0.21611887028784732,1.0,1.0,-0.5819318007814203,5.8,1.0,,,,2.5514925,4
8329029,Greg Foster,Princeton,LJ,M,east,q,0.9718418573742804,1.3471159496825496,1.5714285714285714,1.0,0.23091699404215688,1.55,1.0,,,,2.7387102,3
9250444,Quincy Isaac,Michigan,LJ,M,east,q,-0.9873246320628344,0.1316336310895412,2.0,2.0,-1.8335311320412777,2.0,2.0,,,,3.6859872,7
8673358,Roman Kuleshov,Louisville,LJ,M,east,q,-1.826967413250165,-0.3024671969793875,1.0,1.0,-1.7745468998674616,1.4285714285714286,1.0,,,,2.1311572,2
9000654,Markus White,Liberty,LJ,M,east,q,-1.6030626716002092,-0.45957035380433664,1.6666666666666667,2.0,-1.892515364215089,2.7777777777777777,2.0,,,,1.9048252,1
8317285,Alexandra Kelly,Princeton,LJ,W,east,q,-0.7125632852973699,-0.03224638073936503,1.5,2.0,-1.373291227706722,2.7058823529411766,1.0,,,,4.2083673,6
9240341,Tristen Harris,South Carolina,LJ,W,east,q,-1.1839680927222764,-0.44788069098131805,2.6,2.0,-1.8463867702659753,2.8,2.0,,,,4.757298,8
8679503,Peace Omonzane,Boston University,LJ,W,east,q,-1.9172644598276904,-1.775162488315939,1.25,1.0,-2.109217627243338,1.1764705882352942,1.0,,,,0.988614,1
8317284,Georgina Scoot,Princeton,LJ,W,east,q,-0.5554283494890662,-0.5045580969233998,1.7142857142857142,1.0,-1.2155927135203024,2.235294117647059,1.0,,,,4.529488,7
8708677,Tafadzwa Chikomba,Kansas State,LJ,M,west,q,1.1397704136117435,1.367787417685831,1.5,1.0,3.2391128349065843,2.0,1.0,,,,3.4012463,5
8973050,Juriad Hughes,Arkansas,LJ,M,west,q,-1.2112293737127902,-0.12882686575181426,2.0,3.0,-1.3026730424769624,10.0,3.0,,,,4.420633,8
8725163,Charles Godfred,Minnesota,LJ,M,west,q,0.07622289077445707,0.664957505574228,1.3333333333333333,1.0,-0.06400416682690896,3.0,1.0,,,,2.7724574,4
9293850,Steven Evans-Glynn,Long Beach St.,LJ,M,west,q,-3.2823482339748753,-2.0884820324629882,1.5,,-2.1874365250841494,3.2,,,,,3.5327542,6
8664744,Sophia Beckmon,Illinois,LJ,W,west,q,0.7016511369773495,1.4770901144698239,1.6666666666666667,4.0,0.09856157136651504,1.8571428571428572,4.0,,,,3.520973,4
8816560,Sydnie Vanek,Arizona,LJ,W,west,q,-0.4506717256168668,0.0776734368452777,1.3333333333333333,1.0,-1.1104603707293592,1.3333333333333333,1.0,,,,3.6356075,5
9063858,Prestina Ochonogor,Tarleton State,LJ,W,west,q,-0.1364018540002594,-0.979323380464232,1.8571428571428572,1.0,-0.7950633423565204,2.5454545454545454,1.0,,,,3.4622767,3
9366613,Trinity Shadd-Ceres,Creighton,LJ,W,west,q,-1.4458596524027794,-1.2310593912719276,1.0,1.0,-2.109217627243338,1.0,1.0,,,,1.120672,2
8972024,Brian Schloeder,Navy,PV,M,east,q,-2.078346102821588,-2.548233983622967,1.3076923076923077,1.0,-3.0737786121457793,1.9285714285714288,1.0,,,,1.2424935,1
8669579,Matthew Gray,App State,PV,M,east,q,1.2385029206072502,0.774424620355188,1.0,1.0,0.4326891282179686,1.0,1.0,,,,2.3048236,4
9252968,Ismaila Sawaneh,Tennessee,PV,M,east,q,0.7282184554643548,1.353695667539302,2.3333333333333335,1.0,-0.10676744722260495,2.3333333333333335,1.0,,,,3.5822892,7
9253050,Hannah Grace,Tennessee,PV,W,east,q,0.09992984329060603,0.3701915200074289,1.0,1.0,-0.22455005244909532,1.0,1.0,,,,2.6111765,3
8317286,Tessa Mudd,Princeton,PV,W,east,q,-0.6674559344316524,-0.7728258992117344,1.375,1.0,-0.9675733967318555,1.7777777777777777,1.0,,,,3.3688052,7
8674703,Avery Hilliard,Cornell,PV,W,east,q,-1.0162676515781341,-0.9663526580213341,1.0909090909090908,2.0,-1.305311280496747,1.0909090909090908,2.0,,,,3.2725248,6
9237611,Caelan Harland,South Dakota,PV,M,west,q,-1.1428245833929453,-1.193611629693409,1.25,1.0,-2.0847748905047268,1.25,1.0,,,,1.335221,2
8318488,Sullivan Gleason,SE Missouri,PV,M,west,q,-1.9082512811072923,-3.277547098584207,1.6363636363636365,,-2.893959753665591,1.6363636363636365,,,,,2.9869027,5
9009619,Aleksandr Solovev,Texas A&M,PV,M,west,q,0.8983132771786507,1.0231015850554317,2.4,3.0,0.07305141125758358,2.4,3.0,,,,3.8358922,8
8986534,Dyson Wicker,Nebraska,PV,M,west,q,0.8132658663215028,1.459017676118236,1.3333333333333333,1.0,-0.016858017982510687,1.3333333333333333,1.0,,,,2.1702533,3
9239364,James Rhoads,Washington,PV,M,west,q,1.0684080988929543,1.5302075522873262,2.125,2.0,0.2528702697377801,2.125,2.0,,,,3.3887846,6
8611975,Molly Haywood,Baylor,PV,W,west,q,0.4487415604370939,1.0019024457808006,1.8,2.0,0.38337813832771667,1.8,2.0,,,,3.0635855,4
8676762,Hana Moll,Washington,PV,W,west,q,2.611374206745285,2.371983931444183,1.0,1.0,2.207162710658135,1.0,1.0,,,,1.2954457,1
7980255,Marleen Mulla,South Dakota,PV,W,west,q,0.8673156210128706,0.8293523636253906,1.4166666666666667,1.0,0.5184732918336709,2.142857142857143,1.0,,,,2.3700628,2
8352192,Ali Sahaida,California,PV,W,west,q,0.3789792170077926,0.012276974595368324,2.2,5.0,0.04564025456281913,2.2,5.0,,,,4.1867046,8
8979360,Anna Willis,South Dakota,PV,W,west,q,0.8673156210128706,0.5987950038512655,2.111111111111111,2.0,0.5184732918336709,2.111111111111111,2.0,,,,3.1423075,5
8319077,Obiora Okeke,Notre Dame,SP,M,east,q,-1.858193647319554,-1.9397544916501939,2.2,3.0,-0.9988538018128883,3.4782608695652173,3.0,,,,3.7560203,5
8331466,Wade Shomper,Bucknell,SP,M,east,q,-2.4375688973555993,-2.9901085691956397,2.5,1.0,-2.921655512247617,4.769230769230769,1.0,,,,4.741924,7
9237251,Jessica Oji,Penn,SP,W,east,q,0.20232811926547858,0.9108862907701624,2.125,1.0,-0.21065466716242928,2.2222222222222223,1.0,,,,3.1575818,2
8398788,Alida Van Daalen,Florida,SP,W,east,q,-0.3479547900997424,0.1059008463440885,3.8333333333333335,4.0,-0.005866332503261174,3.4285714285714284,1.0,,,,4.674997,6
8364073,Megan Hague,Auburn,SP,W,east,q,0.7823560507585486,0.612221978360384,2.2222222222222223,6.0,0.2885168985692933,2.2222222222222223,6.0,,,,4.6905956,7
8682174,Elizabeth Tapper,Michigan,SP,W,east,q,-1.3444130313827047,-0.9960836463669276,4.416666666666667,13.0,-0.5178371691511792,4.416666666666667,13.0,,,,4.801441,8
8999132,Ben Smith,Oregon,SP,M,west,q,0.5202942212494801,0.2475682273265795,1.875,1.0,0.11105612860064976,1.75,1.0,,,,3.3605676,4
9261208,Hencu Lamberts,Nebraska,SP,M,west,q,-0.37926208801701405,-0.6117014794437898,2.5,2.0,-0.8112633910387724,2.5,2.0,,,,4.902464,8
8336027,Cade Moran,Nebraska,SP,M,west,q,-0.21154819984868548,0.2443150981665518,2.5,3.0,-0.6393055144958302,3.6153846153846154,3.0,,,,4.6073556,6
8666906,Menachem Chen,Arkansas State,SP,M,west,q,-1.720973193363648,-2.356968306424347,2.1818181818181817,1.0,-2.186926403382316,4.2,1.0,,,,3.3206859,3
8698826,Cordell Nwokeji,Houston,SP,M,west,q,-1.1720913775400255,-1.3622870983676227,1.2,,-1.6241551710599575,1.4545454545454546,,,,,2.905531,1
8992597,Ethan Elliott,Drake,SP,M,west,q,-2.4985557657804507,-2.145311590449735,2.0,2.0,-2.984185649172328,4.416666666666667,2.0,,,,3.236771,2
7977784,Axelina Johansson,Nebraska,SP,W,west,q,2.3885872456624297,2.6112341355239375,1.0,1.0,1.6708381575186746,3.25,1.0,,,,1.6455125,1
7985915,Mine De Klerk,Nebraska,SP,W,west,q,0.1725830971376295,0.20869746849011275,2.4,4.0,-0.23625320899482474,4.153846153846154,4.0,,,,4.5645895,5
8681078,Sydney Brewster,Montana State,SP,W,west,q,-1.6567357637251279,-0.989481871114724,2.4545454545454546,1.0,-1.7849649898547832,4.473684210526316,1.0,,,,3.9383051,3
7974404,Makayla Long,Colorado St.,SP,W,west,q,-0.9874727658485105,-0.9791076528612576,2.0833333333333335,1.0,-1.2345963404582698,2.9642857142857144,1.0,,,,4.549054,4
8673358,Roman Kuleshov,Louisville,TJ,M,east,q,-0.7145541666679475,-0.38140870514189584,1.6,1.0,-0.6931111058570557,1.4285714285714286,1.0,,,,3.8434157,6
7979848,Praise Aniamaka,Purdue,TJ,M,east,q,-1.5206622788755992,-0.5331369157362921,3.5,1.0,-0.26209140602044173,3.5,1.0,,,,3.8236642,5
9257084,Theo Mudzengerere,Kentucky,TJ,M,east,q,0.5076097453888168,0.4845149209776459,2.25,3.0,0.007295906377436043,2.25,3.0,,,,3.4457738,4
7974393,Shantae Foreman,Clemson,TJ,W,east,q,0.6498506150858342,-0.04898640736643256,1.6666666666666667,1.0,0.09929980558279518,5.5625,1.0,,,,3.0272698,3
8327517,Alba Cuns Iglesias,Louisville,TJ,W,east,q,-1.5624067979723308,-1.1667469735398452,2.2,2.0,-1.850587285861278,9.0,2.0,,,,3.3533337,4
8981352,Maeva Tahou,Charleston Southern,TJ,W,east,q,-1.3903423325122508,-2.510020636397359,2.0,1.0,-1.8987326461438467,4.571428571428571,1.0,,,,3.39093,5
9011661,Selva Prabhu,Kansas State,TJ,M,west,q,1.0796864701813524,1.246221190325272,1.5,1.0,0.9770902310098247,3.0,1.0,,,,2.9654322,1
8647408,Kelsey Daniel,Texas,TJ,M,west,q,0.11755743303027773,0.9841451902076803,2.4,2.0,-0.39678506221938536,3.4545454545454546,2.0,,,,4.088341,7
8982090,Jonathan Seremes,Texas Tech,TJ,M,west,q,1.5997562199927409,1.379558102665799,1.5,2.0,1.1387226184485513,1.5,2.0,,,,3.0406394,2
8011026,Jemuel Miller,UTSA,TJ,M,west,q,-1.0005925290642108,-0.7055553368662937,1.75,1.0,-0.3698463309795928,3.142857142857143,1.0,,,,3.4130707,3
8682917,Tre Betts,Oregon,TJ,M,west,q,-1.5466657663661727,-2.3032993726709265,6.166666666666667,12.0,-0.989437149494726,8.5,12.0,,,,4.7246375,8
9399826,Sharifa Davronova,Oregon,TJ,W,west,q,0.5515280633943623,1.6570691936350808,1.0,1.0,0.003009085017657868,11.0,1.0,,,,2.3913662,2
8999122,Cassandra Atkins,Oregon,TJ,W,west,q,-0.43169745352037825,-1.2373423777192103,5.8,3.0,-0.9598981206337366,8.454545454545455,3.0,,,,4.3255734,7
8010035,Taryn Burkett,Grand Canyon,TJ,W,west,q,-1.2182778670521706,-2.5492403053858954,1.0,1.0,-1.4654244036007202,1.0,1.0,,,,1.912988,1
8351002,Chelsea Aninyei,UC Riverside,TJ,W,west,q,-1.0462134015920905,-2.08840919477054,1.5714285714285714,,-1.5617151241658576,3.6666666666666665,,,,,4.563044,8
8688389,Daniela Wamokpego,Kansas State,TJ,W,west,q,-0.16131043636882622,-0.38095289130515103,2.3333333333333335,2.0,-0.6950986390796047,2.3333333333333335,2.0,,,,3.875066,6
